tag,text
spam,valium xanax online pharmacy no prescription needed
ham,sorry i missed your call i was driving
ham,i will be late for dinner tonight do not wait
ham,did you finish reading the book i lent you
spam,shopper alert claim your hidden shopping voucher
ham,where did you park the car this morning
ham,hey let us meet for lunch tomorrow
ham,hello friend are you free to chat today
ham,what time are we leaving for the airport tomorrow
spam,casino bonus matches your deposit instantly
spam,investment opportunity guaranteed high returns now
spam,claim your cash bonus special offer today
ham,can i borrow your laptop for an hour
spam,exclusive deal click here to claim discount
spam,congratulations you won a free gift card
spam,double your income working from home today
ham,just checking in to see how the project is going
ham,i am stuck in traffic see you in ten minutes
ham,let us schedule a zoom call for monday morning
spam,verify your bank details to avoid suspension
spam,you have been selected for a free holiday trip
spam,free movie streaming access code inside
spam,free trial crypto trading bot activate now
ham,hope you are feeling better after the surgery
ham,thanks for the birthday card i loved it
spam,win free cash prize now click here
ham,thank you for the recommendation the food was great
ham,can you send me the project files later
ham,please remind me to buy milk on your way back
spam,get cheap insurance quotes online instantly
ham,the meeting is scheduled for noon tomorrow
spam,unsecured personal loans with low interest rates
ham,the lecture notes are uploaded on the portal
spam,urgent hidden cash rewards text to claim
spam,urgent notice outstanding invoice past due please pay
spam,free entry in a weekly lottery prize
ham,the weather looks great for a walk outside
ham,are we still playing football this weekend
spam,get rich quick scheme requires zero experience
ham,we need to review the quarterly budget report
spam,earn money fast with this simple trick
spam,winner of the global sweepstakes draw call now
spam,lose weight fast with this new pill
ham,great catch up today see you next week
spam,luxury watches clearance sale up to eighty percent off
spam,urgent account security update action required
ham,can you pick up the kids from school today
spam,congratulations your phone number won a prize
ham,call your brother when you get home
ham,let me know if you need help moving houses